"Data Source","Indicadores del desarrollo mundial",

"Last Updated Date","2018-02-16",

"Country Name","Country Code","Indicator Name","Indicator Code","1960","1961","1962","1963","1964","1965","1966","1967","1968","1969","1970","1971","1972","1973","1974","1975","1976","1977","1978","1979","1980","1981","1982","1983","1984","1985","1986","1987","1988","1989","1990","1991","1992","1993","1994","1995","1996","1997","1998","1999","2000","2001","2002","2003","2004","2005","2006","2007","2008","2009","2010","2011","2012","2013","2014","2015","2016","2017",
"Aruba","ABW","Homicidios intencionales (por cada 100.000 habitantes)","VC.IHR.PSRC.P5","","","","","","","","","","","","","","","","","","","","","","","","","","","","","","","","","","","","","","","","","","","5.3","4.1","2","12","9.9","5.9","4.9","3.9","3.9","","","","","","","",
"Afganistán","AFG","Homicidios intencionales (por cada 100.000 habitantes)","VC.IHR.PSRC.P5","","","","","","","","","","","","","","","","","","","","","","","","","","","","","","","","","","","","","","","","","","","","","","","","","","4.1","3.5","4.3","6.6","","","","","",
"Angola","AGO","Homicidios intencionales (por cada 100.000 habitantes)","VC.IHR.PSRC.P5","","","","","","","","","","","","","","","","","","","","","","","","","","","","","","","","","","","","","","","","","","","","","","11.5","","","","","10.5","","","","","9.6","","",
"Albania","ALB","Homicidios intencionales (por cada 100.000 habitantes)","VC.IHR.PSRC.P5","","","","","","","","","","","","","","","","","","","","","","","","","","","","","","","","","","","","6.68555175858664","7.96762317768731","49.8722145785992","18.6097146607852","16.1420237736862","","","","","","5","3.1","3.5","3.1","2.9","4.4","4.9","5.5","4.3","4","2.3","","",
"Andorra","AND","Homicidios intencionales (por cada 100.000 habitantes)","VC.IHR.PSRC.P5","","","","","","","","","","","","","","","","","","","","","","","","","","","","","","","","","","","","","","","","","","","","","1.3","","","0","1.2","1.2","1.2","1.2","0","0","0","0","","",
"El mundo árabe","ARB","Homicidios intencionales (por cada 100.000 habitantes)","VC.IHR.PSRC.P5","","","","","","","","","","","","","","","","","","","","","","","","","","","","","","","","","","","","","","","","","","","","","","","","","","","","","4.7","","4.2","3.8","","",
"Emiratos Árabes Unidos","ARE","Homicidios intencionales (por cada 100.000 habitantes)","VC.IHR.PSRC.P5","","","","","","","","","","","","","","","","","","","","","","","","","","","","","","","","","","","","","","","","","","","","","","","","","","","0.8","0.6","0.8","0.6","0.7","0.7","","",
"Argentina","ARG","Homicidios intencionales (por cada 100.000 habitantes)","VC.IHR.PSRC.P5","","","","","","","","","","","","","","","","","","","","","","","","","","","","","","","","","","","","7.81232965219497","8.50452118312994","9.14183533726191","7.21468335012147","7.30138168796505","","","","","","","","","","","","","","","7.5","6.5","","",
"Armenia","ARM","Homicidios intencionales (por cada 100.000 habitantes)","VC.IHR.PSRC.P5","","","","","","","","","","","","","","","","","","","","","","","","","","","","","","","","","","","","3.59893806506818","3.59373743965122","3.18995953855321","2.99121836183514","2.91203329813009","","","","","2.7","1.9","2.6","2.6","3.3","3.3","1.9","2.4","2.2","2","2.4","2.5","","",
"Samoa Americana","ASM","Homicidios intencionales (por cada 100.000 habitantes)","VC.IHR.PSRC.P5","","","","","","","","","","","","","","","","","","","","","","","","","","","","","","","","","","","","","","","","","","","","","","","","","","","","","","","","","","",
"Antigua y Barbuda","ATG","Homicidios intencionales (por cada 100.000 habitantes)","VC.IHR.PSRC.P5","","","","","","","","","","","","","","","","","","","","","","","","","","","","","","","","","","","","","","","","","6.4","8.9","6.2","6.2","4.9","3.6","13.2","20.1","18.7","18.5","6.9","","11.2","","","","","",
"Australia","AUS","Homicidios intencionales (por cada 100.000 habitantes)","VC.IHR.PSRC.P5","","","","","","","","","","","","","","","","","","","","","","","","","","","","","","","","","","","","1.79927428534592","1.70309051429349","1.73277921105429","1.52122687961993","1.81022756407651","1.9","1.8","1.9","1.7","1.5","1.3","1.4","1.2","1.2","1.2","1","1.1","1.1","1.1","1","1","","",
"Austria","AUT","Homicidios intencionales (por cada 100.000 habitantes)","VC.IHR.PSRC.P5","","","","","","","","","","","","","","","","","","","","","","","","","","","","","","","","","","","","1.03331508650107","1.24364609902136","0.827944065604281","0.96538202736996","0.751437688156866","1","0.9","0.8","0.6","0.7","0.7","0.7","0.5","0.7","0.6","0.7","0.9","0.9","0.7","0.5","0.5","","",
"Azerbaiyán","AZE","Homicidios intencionales (por cada 100.000 habitantes)","VC.IHR.PSRC.P5","","","","","","","","","","","","","","","","","","","","","","","","","","","","","","","","","","","","","","","","","2.8","2.7","2.6","2.2","2.4","2.2","2.2","2","1.9","1.8","2.1","","2.2","2.3","2.5","","","",
"Burundi","BDI","Homicidios intencionales (por cada 100.000 habitantes)","VC.IHR.PSRC.P5","","","","","","","","","","","","","","","","","","","","","","","","","","","","","","","","","","","","","","","","","","","","","","","","","3.9","4.1","3.7","3.6","4.5","4","4","","","",
"Bélgica","BEL","Homicidios intencionales (por cada 100.000 habitantes)","VC.IHR.PSRC.P5","","","","","","","","","","","","","","","","","","","","","","","","","","","","","","","","","","","","","","","","","2.1","2.7","3.1","2.2","2.6","2.1","2.1","2","1.9","1.7","1.7","1.9","1.9","1.8","1.9","1.9","","",
"Benin","BEN","Homicidios intencionales (por cada 100.000 habitantes)","VC.IHR.PSRC.P5","","","","","","","","","","","","","","","","","","","","","","","","","","","","","","","","","","","","","","","","","","","","","","7","","","","","6.4","","","","","6","","",
"Burkina Faso","BFA","Homicidios intencionales (por cada 100.000 habitantes)","VC.IHR.PSRC.P5","","","","","","","","","","","","","","","","","","","","","","","","","","","","","","","","","","","","","","","","","","","","","","0.6","0.7","0.8","0.9","0.6","0.6","0.6","0.7","","","","","",
"Bangladesh","BGD","Homicidios intencionales (por cada 100.000 habitantes)","VC.IHR.PSRC.P5","","","","","","","","","","","","","","","","","","","","","","","","","","","","","","","","","","","","","","","","","2.5","2.7","2.6","2.5","2.8","2.5","2.9","2.6","2.8","2.8","2.6","2.6","2.6","2.8","2.8","2.5","","",
"Bulgaria","BGR","Homicidios intencionales (por cada 100.000 habitantes)","VC.IHR.PSRC.P5","","","","","","","","","","","","","","","","","","","","","","","","","","","","","","","","","","","","5.91147812800959","5.29432391664897","4.85483790696472","4.68618316408135","4.05353090433035","","","","3.2","3.2","2.6","2.4","2.3","2.3","2","2","1.7","1.9","1.5","1.6","1.8","","",
"Bahrein","BHR","Homicidios intencionales (por cada 100.000 habitantes)","VC.IHR.PSRC.P5","","","","","","","","","","","","","","","","","","","","","","","","","","","","","","","","","","","","","","","","","","1.3","1.1","0.4","0.9","0.5","0.7","0.4","0.5","1.1","0.9","0.5","","","","","","",
"Bahamas","BHS","Homicidios intencionales (por cada 100.000 habitantes)","VC.IHR.PSRC.P5","","","","","","","","","","","","","","","","","","","","","","","","","","","","","","","","","","","","","","","","","24.8","14.2","16.8","15.8","13.6","15.8","18.2","22.8","20.9","24.5","26.1","34.6","29.8","","","","","",
"Bosnia y Herzegovina","BIH","Homicidios intencionales (por cada 100.000 habitantes)","VC.IHR.PSRC.P5","","","","","","","","","","","","","","","","","","","","","","","","","","","","","","","","","","","","","","","","","","","","","","","","","","1.9","1.5","1.3","1.6","1.2","1.3","1.5","","",
"Belarús","BLR","Homicidios intencionales (por cada 100.000 habitantes)","VC.IHR.PSRC.P5","","","","","","","","","","","","","","","","","","","","","","","","","","","","","","","","","","","","9.34376499808112","9.46863023280921","10.0055054779408","10.1994514545983","9.6363914464461","10.2","9.8","10.1","9","8.4","8.6","7.7","6.8","5.7","5","5.1","3.9","3.6","3.5","3.6","","","",
"Belice","BLZ","Homicidios intencionales (por cada 100.000 habitantes)","VC.IHR.PSRC.P5","","","","","","","","","","","","","","","","","","","","","","","","","","","","","","","","","","","","","","","","","16.6","25.1","33.2","24.9","28.6","28.6","31.6","32.5","33.6","61.8","40.1","37.7","43.1","28.8","34.4","","","",
"Bermudas","BMU","Homicidios intencionales (por cada 100.000 habitantes)","VC.IHR.PSRC.P5","","","","","","","","","","","","","","","","","","","","","","","","","","","","","","","","","","","","","6.48287710085736","3.22632682690757","0","3.19718647590121","0","4.7","1.5","3.1","1.5","3.1","4.6","4.6","7.7","9.3","10.9","12.6","9.5","8","6.4","6.5","","",
"Bolivia","BOL","Homicidios intencionales (por cada 100.000 habitantes)","VC.IHR.PSRC.P5","","","","","","","","","","","","","","","","","","","","","","","","","","","","","","","","","","","","","","","","","","","","","","7.2","6.4","8.3","8.9","8.6","10.6","10.2","12.4","","","","","",
"Brasil","BRA","Homicidios intencionales (por cada 100.000 habitantes)","VC.IHR.PSRC.P5","","","","","","","","","","","","","","","","","","","","","","","","","","","","","","","","","","","","","","","","","","","","","","","","23.1","23.6","22.6","21.8","24","26.2","26.5","27.7","26.7","","",
"Barbados","BRB","Homicidios intencionales (por cada 100.000 habitantes)","VC.IHR.PSRC.P5","","","","","","","","","","","","","","","","","","","","","","","","","","","","","","","","","","","","","","","7.52046506555965","8.62204694892","7.4","9.2","9.2","12.1","8.1","10.6","12.7","9.8","9","6.8","11.1","9.6","7.8","8.5","8.8","10.9","","",
"Brunei Darussalam","BRN","Homicidios intencionales (por cada 100.000 habitantes)","VC.IHR.PSRC.P5","","","","","","","","","","","","","","","","","","","","","","","","","","","","","","","","","","","","","","","","","","","","0.9","0.6","0.6","0.8","0.8","0.3","0.8","0.3","","","0.5","","","","",
"Bhután","BTN","Homicidios intencionales (por cada 100.000 habitantes)","VC.IHR.PSRC.P5","","","","","","","","","","","","","","","","","","","","","","","","","","","","","","","","","","","","","","","","","","","","","","","","","2","1.4","1.9","3","3.9","2.5","2.7","","","",
"Botswana","BWA","Homicidios intencionales (por cada 100.000 habitantes)","VC.IHR.PSRC.P5","","","","","","","","","","","","","","","","","","","","","","","","","","","","","","","","","","","","","","","","","","12.1","14.3","17.2","14.1","15.6","13.8","14.5","14.3","14.4","14.8","10.5","","","","","","",
"República Centroafricana","CAF","Homicidios intencionales (por cada 100.000 habitantes)","VC.IHR.PSRC.P5","","","","","","","","","","","","","","","","","","","","","","","","","","","","","","","","","","","","","","","","","","","","","","14.9","","","","","13.6","","","","","13.1","","",
"Canadá","CAN","Homicidios intencionales (por cada 100.000 habitantes)","VC.IHR.PSRC.P5","","","","","","","","","","","","","","","","","","","","","","","","","","","","","","","","","","","","1.83604638194433","1.94373499056291","1.75207959788065","1.68028315892703","1.5863704840566","1.6","1.8","1.7","1.7","2","2.1","1.9","1.8","1.8","1.8","1.6","1.8","1.6","1.4","1.5","1.7","","",
"Europa Central y del Báltico","CEB","Homicidios intencionales (por cada 100.000 habitantes)","VC.IHR.PSRC.P5","","","","","","","","","","","","","","","","","","","","","","","","","","","","","","","","","","","","","","","","","","","","","","","","","","","","","1.6","","1.3","1.3","","",
"Suiza","CHE","Homicidios intencionales (por cada 100.000 habitantes)","VC.IHR.PSRC.P5","","","","","","","","","","","","","","","","","","","","","","","","","","","","","","","","","","","","1.16830718842316","1.17547705603329","1.22699680684659","1.06847399980992","1.2470679890258","0.96","1.2","1.2","1","1.1","1","0.8","0.7","0.7","0.7","0.7","0.6","0.6","0.7","0.5","0.7","","",
"Islas del Canal","CHI","Homicidios intencionales (por cada 100.000 habitantes)","VC.IHR.PSRC.P5","","","","","","","","","","","","","","","","","","","","","","","","","","","","","","","","","","","","","","","","","","","","","","","","","","","","","","","","","","",
"Chile","CHL","Homicidios intencionales (por cada 100.000 habitantes)","VC.IHR.PSRC.P5","","","","","","","","","","","","","","","","","","","","","","","","","","","","","","","","","","","","","","","","","","","","3.3","","3.6","3.6","3.7","3.5","3.7","3.2","3.7","2.5","3.2","3.6","","","",
"China","CHN","Homicidios intencionales (por cada 100.000 habitantes)","VC.IHR.PSRC.P5","","","","","","","","","","","","","","","","","","","","","","","","","","","","","","","","","","","","","","","","","","","2","1.9","1.9","1.6","1.4","1.2","1.1","1.1","1","0.9","0.8","0.8","0.7","","","",
"Côte d'Ivoire","CIV","Homicidios intencionales (por cada 100.000 habitantes)","VC.IHR.PSRC.P5","","","","","","","","","","","","","","","","","","","","","","","","","","","","","","","","","","","","","","","","","","","","","","14.9","","","","","12.8","","","","","11.8","","",
"Camerún","CMR","Homicidios intencionales (por cada 100.000 habitantes)","VC.IHR.PSRC.P5","","","","","","","","","","","","","","","","","","","","","","","","","","","","","","","","","","","","","","","","","","","","","","","","","4","6.4","4.9","3.4","4","2.9","2.6","5.9","","",
"Congo, República Democrática del","COD","Homicidios intencionales (por cada 100.000 habitantes)","VC.IHR.PSRC.P5","","","","","","","","","","","","","","","","","","","","","","","","","","","","","","","","","","","","","","","","","","","","","","14.3","","","","","14","","","","","13.4","","",
"Congo, República del","COG","Homicidios intencionales (por cada 100.000 habitantes)","VC.IHR.PSRC.P5","","","","","","","","","","","","","","","","","","","","","","","","","","","","","","","","","","","","","","","","","","","","","","11.3","","","","","10.6","","","","","10.1","","",
"Colombia","COL","Homicidios intencionales (por cada 100.000 habitantes)","VC.IHR.PSRC.P5","","","","","","","","","","","","","","","","","","","","","","","","","","","","","","","","","","","","69.6726338112749","71.7868996641331","67.1845498883999","60.0846549498988","62.2924485456268","65.7","67.9","68.3","53.4","44.6","39.5","36.8","34.8","33.2","34","32.7","34.1","31.3","32.6","27.9","26.5","","",
"Comoras","COM","Homicidios intencionales (por cada 100.000 habitantes)","VC.IHR.PSRC.P5","","","","","","","","","","","","","","","","","","","","","","","","","","","","","","","","","","","","","","","","","","","","","","9.4","","","","","8.4","","","","","7.6","","",
"Cabo Verde","CPV","Homicidios intencionales (por cada 100.000 habitantes)","VC.IHR.PSRC.P5","","","","","","","","","","","","","","","","","","","","","","","","","","","","","","","","","","","","","","","","","","","","","","","","6","7","7.8","8","10.7","11.2","10.6","12.6","8.8","","",
"Costa Rica","CRI","Homicidios intencionales (por cada 100.000 habitantes)","VC.IHR.PSRC.P5","","","","","","","","","","","","","","","","","","","","","","","","","","","","","","","","","","","","5.30424760689068","5.31332449653439","5.75616396076708","5.98837933602775","6.39435584564182","6.3","6.4","6.3","7.3","6.7","7.9","8.1","8.4","11.6","11.7","11.6","10.3","8.7","8.7","10","11.8","","",
"Estados pequeos del Caribe","CSS","Homicidios intencionales (por cada 100.000 habitantes)","VC.IHR.PSRC.P5","","","","","","","","","","","","","","","","","","","","","","","","","","","","","","","","","","","","","","","","","","","","","","","","","","","","","29","","27.4","31.5","","",
"Cuba","CUB","Homicidios intencionales (por cada 100.000 habitantes)","VC.IHR.PSRC.P5","","","","","","","","","","","","","","","","","","","","","","","","","","","","","","","","","","","","","","","","","","5.4","5.9","5.7","5.9","6.1","5.1","5","4.6","5","4.5","4.7","","","","","","",
"Curacao","CUW","Homicidios intencionales (por cada 100.000 habitantes)","VC.IHR.PSRC.P5","","","","","","","","","","","","","","","","","","","","","","","","","","","","","","","","","","","","","","","","","","","","","","","","","","","","","","","","","","",
"Islas Caimán","CYM","Homicidios intencionales (por cada 100.000 habitantes)","VC.IHR.PSRC.P5","","","","","","","","","","","","","","","","","","","","","","","","","","","","","","","","","","","","","","","2.8","","9.6","4.9","0","7.4","12.3","","2","3.9","7.6","14.7","","","","","","","","",
"Chipre","CYP","Homicidios intencionales (por cada 100.000 habitantes)","VC.IHR.PSRC.P5","","","","","","","","","","","","","","","","","","","","","","","","","","","","","","","","","","","","","","","","","","","","","1.6","1.9","1.4","1.2","0.8","1.7","0.7","0.8","1.9","1.1","1","1.3","","",
"República Checa","CZE","Homicidios intencionales (por cada 100.000 habitantes)","VC.IHR.PSRC.P5","","","","","","","","","","","","","","","","","","","","","","","","","","","","","","","","","","","","1.70553592735657","1.67797993717953","1.81624213868242","1.69281992375111","1.67635852045767","1.8","1.4","1.5","1.6","1.3","1.1","1.3","1.2","1.1","0.9","1","0.8","1","0.9","0.7","0.7","","",
"Alemania","DEU","Homicidios intencionales (por cada 100.000 habitantes)","VC.IHR.PSRC.P5","","","","","","","","","","","","","","","","","","","","","","","","","","","","","","","","","","","","1.71611081784386","1.68125839587535","1.53657375318974","1.21189355246765","1.23874284846125","1.2","1.1","1.2","1.1","1.1","1.1","1","0.9","0.9","1","1","0.9","0.8","0.8","0.9","0.8","","",
"Djibouti","DJI","Homicidios intencionales (por cada 100.000 habitantes)","VC.IHR.PSRC.P5","","","","","","","","","","","","","","","","","","","","","","","","","","","","","","","","","","","","","","","","","","","","","","8.2","","","","","7.6","","","","","6.8","","",
"Dominica","DMA","Homicidios intencionales (por cada 100.000 habitantes)","VC.IHR.PSRC.P5","","","","","","","","","","","","","","","","","","","","","","","","","","","","","","","","","","","","","","","","","2.9","1.4","12.9","11.4","11.4","11.3","7.1","9.9","9.9","18.3","21.1","8.4","","","","","","",
"Dinamarca","DNK","Homicidios intencionales (por cada 100.000 habitantes)","VC.IHR.PSRC.P5","","","","","","","","","","","","","","","","","","","","","","","","","","","","","","","","","","","","1.14649009700071","1.31298198569687","1.6674334334046","0.924589534137072","0.977353957005448","1.1","0.97","1","1.2","0.8","1","0.5","0.7","1","0.9","0.8","0.8","0.8","0.9","1.3","1","","",
"República Dominicana","DOM","Homicidios intencionales (por cada 100.000 habitantes)","VC.IHR.PSRC.P5","","","","","","","","","","","","","","","","","","","","","","","","","","","","","","","","","","","","12.720574702175","12.8122870826323","12.6730332990665","13.465983076827","12.6032079775233","14.1","12.6","14.5","21.2","24.6","25.9","22.9","22.2","24.8","24.3","25","25.1","22.3","","17.4","","","",
"Argelia","DZA","Homicidios intencionales (por cada 100.000 habitantes)","VC.IHR.PSRC.P5","","","","","","","","","","","","","","","","","","","","","","","","","","","","","","","","","","","","","","","","","","","","2","1.4","0.6","0.9","0.8","0.9","0.8","0.7","0.8","1.4","1.3","1.5","1.4","","",
"Asia oriental y el Pacífico (excluido altos ingresos)","EAP","Homicidios intencionales (por cada 100.000 habitantes)","VC.IHR.PSRC.P5","","","","","","","","","","","","","","","","","","","","","","","","","","","","","","","","","","","","","","","","","","","","","","","","","","","","","2.1","","1.6","1.5","","",
"inicial del dividendo demográfico","EAR","Homicidios intencionales (por cada 100.000 habitantes)","VC.IHR.PSRC.P5","","","","","","","","","","","","","","","","","","","","","","","","","","","","","","","","","","","","","","","","","","","","","","","","","","","","","6.8","","6.3","6","","",
"Asia oriental y el Pacífico","EAS","Homicidios intencionales (por cada 100.000 habitantes)","VC.IHR.PSRC.P5","","","","","","","","","","","","","","","","","","","","","","","","","","","","","","","","","","","","","","","","","","","","","","","","","","","","","2","","1.5","1.4","","",
"Europa y Asia central (excluido altos ingresos)","ECA","Homicidios intencionales (por cada 100.000 habitantes)","VC.IHR.PSRC.P5","","","","","","","","","","","","","","","","","","","","","","","","","","","","","","","","","","","","","","","","","","","","","","","","","","","","","5.6","","5.5","6.1","","",
"Europa y Asia central","ECS","Homicidios intencionales (por cada 100.000 habitantes)","VC.IHR.PSRC.P5","","","","","","","","","","","","","","","","","","","","","","","","","","","","","","","","","","","","","","","","","","","","","","","","","","","","","3.1","","3","3.3","","",
"Ecuador","ECU","Homicidios intencionales (por cada 100.000 habitantes)","VC.IHR.PSRC.P5","","","","","","","","","","","","","","","","","","","","","","","","","","","","","","","","","","","","","","","","","14.5","12.9","14.6","14.6","17.7","15.4","17.1","16","18","17.9","17.7","15.5","12.5","11","8.2","","","",
"Egipto, República Árabe de","EGY","Homicidios intencionales (por cada 100.000 habitantes)","VC.IHR.PSRC.P5","","","","","","","","","","","","","","","","","","","","","","","","","","","","","","","","","","","","","","","","","","","","0.7","0.4","0.7","0.7","0.9","1.2","1.1","2.2","3.2","","","","","","",
"Zona del Euro","EMU","Homicidios intencionales (por cada 100.000 habitantes)","VC.IHR.PSRC.P5","","","","","","","","","","","","","","","","","","","","","","","","","","","","","","","","","","","","","","","","","","","","","","","","","","","","","1.1","","1","1","","",
"Eritrea","ERI","Homicidios intencionales (por cada 100.000 habitantes)","VC.IHR.PSRC.P5","","","","","","","","","","","","","","","","","","","","","","","","","","","","","","","","","","","","","","","","","","","","","","9.1","","","","","8.3","","","","","7.5","","",
"España","ESP","Homicidios intencionales (por cada 100.000 habitantes)","VC.IHR.PSRC.P5","","","","","","","","","","","","","","","","","","","","","","","","","","","","","","","","","","","","1.0424372395714","1.00456716212155","1.16893652427252","1.31373525561828","1.21655384339648","1.4","1.4","1.3","1.4","1.2","1.2","1.1","1.1","0.9","0.9","0.9","0.8","0.8","0.7","0.7","0.7","","",
"Estonia","EST","Homicidios intencionales (por cada 100.000 habitantes)","VC.IHR.PSRC.P5","","","","","","","","","","","","","","","","","","","","","","","","","","","","","","","","","","","","17.0749144519022","15.0733204341398","12.6853992479981","14.0965208923385","11.3771248773517","10.2","9.8","10.3","10.7","6.7","8.3","6.7","6.9","6.3","5.2","5.3","4.9","4.8","3.9","3.1","3.2","","",
"Etiopía","ETH","Homicidios intencionales (por cada 100.000 habitantes)","VC.IHR.PSRC.P5","","","","","","","","","","","","","","","","","","","","","","","","","","","","","","","","","","","","","","","","","","","","","","9.4","","","","","8.5","","","","","7.6","","",
"Unión Europea","EUU","Homicidios intencionales (por cada 100.000 habitantes)","VC.IHR.PSRC.P5","","","","","","","","","","","","","","","","","","","","","","","","","","","","","","","","","","","","","","","","","","","","","","","","","","","","","1.1","","1","1","","",
"Frágiles y situaciones de conflicto afectados","FCS","Homicidios intencionales (por cada 100.000 habitantes)","VC.IHR.PSRC.P5","","","","","","","","","","","","","","","","","","","","","","","","","","","","","","","","","","","","","","","","","","","","","","","","","","","","","12.6","","7.5","7.6","","",
"Finlandia","FIN","Homicidios intencionales (por cada 100.000 habitantes)","VC.IHR.PSRC.P5","","","","","","","","","","","","","","","","","","","","","","","","","","","","","","","","","","","","2.8583723488107","2.98526275287663","2.70467112269342","2.1937385653804","2.77024677474504","2.9","3","2.5","2","2.8","2.3","2.3","2.4","2.5","2.2","2.2","2","1.6","1.7","1.6","1.6","","",
"Fiji","FJI","Homicidios intencionales (por cada 100.000 habitantes)","VC.IHR.PSRC.P5","","","","","","","","","","","","","","","","","","","","","","","","","","","","","","","","","","","","","","","","","","","","","","","","2.6","3.6","2.5","2.8","","3","","","","","",
"Francia","FRA","Homicidios intencionales (por cada 100.000 habitantes)","VC.IHR.PSRC.P5","","","","","","","","","","","","","","","","","","","","","","","","","","","","","","","","","","","","2.30964046176144","2.01696350708443","1.65263956656979","1.64284349848874","1.62208425674125","1.8","1.8","1.9","1.6","1.6","1.6","1.4","1.6","1.6","1.3","1.3","1.4","1.2","1.2","1.2","1.6","","",
"Islas Feroe","FRO","Homicidios intencionales (por cada 100.000 habitantes)","VC.IHR.PSRC.P5","","","","","","","","","","","","","","","","","","","","","","","","","","","","","","","","","","","","","","","","","","","","","","","","","","","","","","","","","","",
"Micronesia (Estados Federados de)","FSM","Homicidios intencionales (por cada 100.000 habitantes)","VC.IHR.PSRC.P5","","","","","","","","","","","","","","","","","","","","","","","","","","","","","","","","","","","","","","","","","","","","","","4.6","","","","","4.5","","","","","4.7","","",
"Gabón","GAB","Homicidios intencionales (por cada 100.000 habitantes)","VC.IHR.PSRC.P5","","","","","","","","","","","","","","","","","","","","","","","","","","","","","","","","","","","","","","","","","","","","","","11.2","","","","","9.3","","","","","9","","",
"Reino Unido","GBR","Homicidios intencionales (por cada 100.000 habitantes)","VC.IHR.PSRC.P5","","","","","","","","","","","","","","","","","","","","","","","","","","","","","","","","","","","","1.46863785301919","1.32075471698113","1.433281613654","1.45011600928074","1.47497737469432","1.7","1.8","2","1.7","1.6","1.5","1.4","1.4","1.2","1.1","1.2","1","1","0.9","0.9","","","",
"Georgia","GEO","Homicidios intencionales (por cada 100.000 habitantes)","VC.IHR.PSRC.P5","","","","","","","","","","","","","","","","","","","","","","","","","","","","","","","","","","","","7.71314365049478","5.40828982664628","5.78730849339303","4.99620247490899","5.07789575329751","5","5.6","6.3","6.6","6.6","9","7.3","7.5","6.1","4.9","4.4","","","","2.7","","","",
"Ghana","GHA","Homicidios intencionales (por cada 100.000 habitantes)","VC.IHR.PSRC.P5","","","","","","","","","","","","","","","","","","","","","","","","","","","","","","","","","","","","","","","","","","2.2","2","2.1","2.2","1.8","1.9","1.8","1.9","1.8","1.7","1.7","","","","","","",
"Gibraltar","GIB","Homicidios intencionales (por cada 100.000 habitantes)","VC.IHR.PSRC.P5","","","","","","","","","","","","","","","","","","","","","","","","","","","","","","","","","","","","","","","","","","","","","","","","","","","","","","","","","","",
"Guinea","GIN","Homicidios intencionales (por cada 100.000 habitantes)","VC.IHR.PSRC.P5","","","","","","","","","","","","","","","","","","","","","","","","","","","","","","","","","","","","","","","","","","","","","","10.1","","","","","9.3","","","","","8.5","","",
"Gambia","GMB","Homicidios intencionales (por cada 100.000 habitantes)","VC.IHR.PSRC.P5","","","","","","","","","","","","","","","","","","","","","","","","","","","","","","","","","","","","","","","","","","","","","","9.8","","","","","9.8","","","","","9.1","","",
"Guinea-Bissau","GNB","Homicidios intencionales (por cada 100.000 habitantes)","VC.IHR.PSRC.P5","","","","","","","","","","","","","","","","","","","","","","","","","","","","","","","","","","","","","","","","","","","","","","11","","","","","10","","","","","9.2","","",
"Guinea Ecuatorial","GNQ","Homicidios intencionales (por cada 100.000 habitantes)","VC.IHR.PSRC.P5","","","","","","","","","","","","","","","","","","","","","","","","","","","","","","","","","","","","","","","","","","","","","","3.5","","","","","3.4","","","","","3.2","","",
"Grecia","GRC","Homicidios intencionales (por cada 100.000 habitantes)","VC.IHR.PSRC.P5","","","","","","","","","","","","","","","","","","","","","","","","","","","","","","","","","","","","1.41494286488823","1.57141461067831","1.87530704688656","1.61696282198232","1.4171283457486","0.7","1.2","0.9","1.1","1","1.2","1","1.2","1.3","1.4","1.6","1.6","1.5","1.4","1","0.8","","",
"Granada","GRD","Homicidios intencionales (por cada 100.000 habitantes)","VC.IHR.PSRC.P5","","","","","","","","","","","","","","","","","","","","","","","","","","","","","","","","","","","","","","","","","14.8","5.9","13.7","8.8","5.8","10.7","11.6","10.6","15.4","6.7","9.6","3.8","13.3","5.7","7.5","","","",
"Groenlandia","GRL","Homicidios intencionales (por cada 100.000 habitantes)","VC.IHR.PSRC.P5","","","","","","","","","","","","","","","","","","","","","","","","","","","","","","","","","","","","","","","","","","","","","","","8.8","19.3","22.9","31.8","31.8","17.7","8.9","5.3","21.3","12.5","","",
"Guatemala","GTM","Homicidios intencionales (por cada 100.000 habitantes)","VC.IHR.PSRC.P5","","","","","","","","","","","","","","","","","","","","","","","","","","","","","","","","","","","","32.5489794746735","35.3196220849234","38.1433409197048","30.8677838628448","24.1928561548357","24.8","27","29.6","33.7","35","","43.6","41.9","44.6","45.1","40.5","37.7","33.5","33.5","31.2","","","",
"Guam","GUM","Homicidios intencionales (por cada 100.000 habitantes)","VC.IHR.PSRC.P5","","","","","","","","","","","","","","","","","","","","","","","","","","","","","","","","","","","","","","","","","1.3","5.1","1.3","5.1","5.7","4.4","6.9","0.6","0.6","3.2","1.9","2.5","","","","","","",
"Guyana","GUY","Homicidios intencionales (por cada 100.000 habitantes)","VC.IHR.PSRC.P5","","","","","","","","","","","","","","","","","","","","","","","","","","","","","","","","","","","","14.9729593848174","12.0714961796458","11.9220054183459","15.4697463782996","12.4402594135853","10","10.6","19.1","27.7","17.7","19.1","20.6","15.4","21.1","15.6","18.6","17.2","18.3","20.4","","19.4","","",
"Ingreso alto","HIC","Homicidios intencionales (por cada 100.000 habitantes)","VC.IHR.PSRC.P5","","","","","","","","","","","","","","","","","","","","","","","","","","","","","","","","","","","","","","","","","","","","","","","","","","","","","2.2","","2","2.2","","",
"Hong Kong, Región Administrativa Especial","HKG","Homicidios intencionales (por cada 100.000 habitantes)","VC.IHR.PSRC.P5","","","","","","","","","","","","","","","","","","","","","","","","","","","","","","","","","","","","","","","","","0.6","0.96","1","0.8","0.7","0.5","0.5","0.3","0.5","0.7","0.5","0.2","0.4","0.9","0.4","0.3","","",
"Honduras","HND","Homicidios intencionales (por cada 100.000 habitantes)","VC.IHR.PSRC.P5","","","","","","","","","","","","","","","","","","","","","","","","","","","","","","","","","","","","","","","","42.0842525751359","50.9","54.7","55.7","61.5","53.9","46.7","44.5","50.3","61.4","71.5","83.1","93.2","92.7","81.9","74.6","63.8","","",
"Países pobres muy endeudados (PPME)","HPC","Homicidios intencionales (por cada 100.000 habitantes)","VC.IHR.PSRC.P5","","","","","","","","","","","","","","","","","","","","","","","","","","","","","","","","","","","","","","","","","","","","","","","","","","","","","12.6","","8.3","8.1","","",
"Croacia","HRV","Homicidios intencionales (por cada 100.000 habitantes)","VC.IHR.PSRC.P5","","","","","","","","","","","","","","","","","","","","","","","","","","","","","","","","","","","","3.55536441307252","2.61987765600835","2.55113622851262","2.85855062318586","2.66517358209461","2.3","1.8","1.7","1.5","1.9","1.5","1.6","1.4","1.5","1.1","1.4","1.1","1.2","1.1","0.8","0.9","","",
"Haití","HTI","Homicidios intencionales (por cada 100.000 habitantes)","VC.IHR.PSRC.P5","","","","","","","","","","","","","","","","","","","","","","","","","","","","","","","","","","","","","","","","","","","","","","","","5.1","5.1","6.1","6.8","9","10","","","","","",
"Hungría","HUN","Homicidios intencionales (por cada 100.000 habitantes)","VC.IHR.PSRC.P5","","","","","","","","","","","","","","","","","","","","","","","","","","","","","","","","","","","","2.86505133910661","2.62749838980887","2.80818575458866","2.81539704599579","2.47132530045162","2","2.5","2","2.2","2.1","1.6","1.7","1.5","1.8","1.4","1.4","1.5","1.2","1.6","1.5","","","",
"Sólo BIRF","IBD","Homicidios intencionales (por cada 100.000 habitantes)","VC.IHR.PSRC.P5","","","","","","","","","","","","","","","","","","","","","","","","","","","","","","","","","","","","","","","","","","","","","","","","","","","","","5.8","","5.6","5.6","","",
"BIRF y la AIF","IBT","Homicidios intencionales (por cada 100.000 habitantes)","VC.IHR.PSRC.P5","","","","","","","","","","","","","","","","","","","","","","","","","","","","","","","","","","","","","","","","","","","","","","","","","","","","","7","","5.9","5.9","","",
"total de la AIF","IDA","Homicidios intencionales (por cada 100.000 habitantes)","VC.IHR.PSRC.P5","","","","","","","","","","","","","","","","","","","","","","","","","","","","","","","","","","","","","","","","","","","","","","","","","","","","","10.9","","7.1","6.9","","",
"mezcla de la AIF","IDB","Homicidios intencionales (por cada 100.000 habitantes)","VC.IHR.PSRC.P5","","","","","","","","","","","","","","","","","","","","","","","","","","","","","","","","","","","","","","","","","","","","","","","","","","","","","11.9","","8","7.7","","",
"Indonesia","IDN","Homicidios intencionales (por cada 100.000 habitantes)","VC.IHR.PSRC.P5","","","","","","","","","","","","","","","","","","","","","","","","","","","","","","","","","","","","","","","","","1","","","0.7","0.6","","","","0.6","0.5","0.4","0.6","0.6","0.6","0.5","","","",
"Sólo AIF","IDX","Homicidios intencionales (por cada 100.000 habitantes)","VC.IHR.PSRC.P5","","","","","","","","","","","","","","","","","","","","","","","","","","","","","","","","","","","","","","","","","","","","","","","","","","","","","10.4","","6.7","6.5","","",
"Isla de Man","IMN","Homicidios intencionales (por cada 100.000 habitantes)","VC.IHR.PSRC.P5","","","","","","","","","","","","","","","","","","","","","","","","","","","","","","","","","","","","","","","","","","","","","","","","","","","","","","","","","","",
"India","IND","Homicidios intencionales (por cada 100.000 habitantes)","VC.IHR.PSRC.P5","","","","","","","","","","","","","","","","","","","","","","","","","","","","","","","","","","","","4.36626277958339","4.39507984612006","4.35247069459663","4.47327353382515","4.23340240421416","4.5","4.2","4.1","3.6","3.7","3.6","3.6","3.5","3.5","3.4","3.4","3.5","3.4","3.3","3.2","","","",
"No clasificado","INX","Homicidios intencionales (por cada 100.000 habitantes)","VC.IHR.PSRC.P5","","","","","","","","","","","","","","","","","","","","","","","","","","","","","","","","","","","","","","","","","","","","","","","","","","","","","","","","","","",
"Irlanda","IRL","Homicidios intencionales (por cada 100.000 habitantes)","VC.IHR.PSRC.P5","","","","","","","","","","","","","","","","","","","","","","","","","","","","","","","","","","","","1.19081972152542","1.15433547792375","1.03546184323108","1.02517423240754","1.01307803766784","0.1","1.3","1.3","1.1","0.7","1.2","1.4","1.8","1.1","1.2","1.1","0.9","1.2","1.1","1.1","0.6","","",
"Irán, República Islámica del","IRN","Homicidios intencionales (por cada 100.000 habitantes)","VC.IHR.PSRC.P5","","","","","","","","","","","","","","","","","","","","","","","","","","","","","","","","","","","","","","","","","","","","","","5.4","","","","","5.2","","","","","4.1","","",
"Iraq","IRQ","Homicidios intencionales (por cada 100.000 habitantes)","VC.IHR.PSRC.P5","","","","","","","","","","","","","","","","","","","","","","","","","","","","","","","","","","","","","","","","","","","","","","34.1","29.9","66.1","","","","","","","","","","",
"Islandia","ISL","Homicidios intencionales (por cada 100.000 habitantes)","VC.IHR.PSRC.P5","","","","","","","","","","","","","","","","","","","","","","","","","","","","","","","","","","","","0","0.370207204972623","0.733041094283746","0","0.718383063400897","1.8","0.4","1.4","0","1","1","0","0.7","0","0.3","0.6","0.9","0.3","0.3","0.3","0.9","","",
"Israel","ISR","Homicidios intencionales (por cada 100.000 habitantes)","VC.IHR.PSRC.P5","","","","","","","","","","","","","","","","","","","","","","","","","","","","","","","","","","","","2.10049400993496","2.13240056907757","2.77048404440944","2.54981904090378","2.32504226655303","2.4","3.6","3.6","3.1","2.7","2.5","2.7","1.8","1.9","1.8","2","2","1.7","","1.5","1.4","","",
"Italia","ITA","Homicidios intencionales (por cada 100.000 habitantes)","VC.IHR.PSRC.P5","","","","","","","","","","","","","","","","","","","","","","","","","","","","","","","","","","","","1.77643467769709","1.67374034178937","1.53458619786494","1.54085584551281","1.41541754017417","1.3","1.2","1.1","1.2","1.2","1","1.1","1.1","1","1","0.9","0.9","0.9","0.8","0.8","0.8","","",
"Jamaica","JAM","Homicidios intencionales (por cada 100.000 habitantes)","VC.IHR.PSRC.P5","","","","","","","","","","","","","","","","","","","","","","","","","","","","","","","","","","","","31.687789151076","37.2282538701285","41.3732573308988","33.9049949675357","33.3854182344587","34.1","43.5","39.7","36.8","55.2","62.5","49.8","58.6","59.6","61.7","52.8","41.2","39.8","43.3","36.1","43.2","","",
"Jordania","JOR","Homicidios intencionales (por cada 100.000 habitantes)","VC.IHR.PSRC.P5","","","","","","","","","","","","","","","","","","","","","","","","","","","","","","","","","","","","","","","","","","","","","","1.3","1.8","1.9","2","1.6","1.8","2.1","2.3","2","","","","",
"Japón","JPN","Homicidios intencionales (por cada 100.000 habitantes)","VC.IHR.PSRC.P5","","","","","","","","","","","","","","","","","","","","","","","","","","","","","","","","","","","","0.543833004420133","0.493530480386386","0.541203531611255","0.571311769404654","0.536916519813227","","","","0.6","0.6","0.5","0.5","0.5","0.5","0.4","0.4","0.3","0.3","0.3","0.3","","","",
"Kazajstán","KAZ","Homicidios intencionales (por cada 100.000 habitantes)","VC.IHR.PSRC.P5","","","","","","","","","","","","","","","","","","","","","","","","","","","","","","","","","","","","15.3649540781269","16.7063971308529","16.6680809672214","16.5802074248802","15.7402297198345","15.5","14.5","13.1","13.2","13.7","11.7","11.1","10.5","11.4","11","8.6","8.6","7.5","6.5","5.2","4.8","","",
"Kenya","KEN","Homicidios intencionales (por cada 100.000 habitantes)","VC.IHR.PSRC.P5","","","","","","","","","","","","","","","","","","","","","","","","","","","","","","","","","","","","","","","","","","","","","4.1","3.6","3.5","3.4","3.7","5.6","5.6","6.4","6.5","6.6","5.9","5.8","","",
"Kirguistán","KGZ","Homicidios intencionales (por cada 100.000 habitantes)","VC.IHR.PSRC.P5","","","","","","","","","","","","","","","","","","","","","","","","","","","","","","","","","","","","11.6503543558715","11.1401719106683","9.26304364201776","8.81035351284342","8.83878204441233","8.7","7.7","8.2","8.3","8.3","8.2","8.2","8.1","8.1","7.8","19.6","8.9","5.3","3.6","3.7","5.1","","",
"Camboya","KHM","Homicidios intencionales (por cada 100.000 habitantes)","VC.IHR.PSRC.P5","","","","","","","","","","","","","","","","","","","","","","","","","","","","","","","","","","","","3.5544070035964","4.72996523737357","6.75975926391762","6.6159814078408","4.75278405983305","","3.3","3.4","3.9","3.9","3.4","3.3","3.3","2.5","2.5","2.3","1.8","","","","","","",
"Kiribati","KIR","Homicidios intencionales (por cada 100.000 habitantes)","VC.IHR.PSRC.P5","","","","","","","","","","","","","","","","","","","","","","","","","","","","","","","","","","","","","","","","","","","","","","","","","7.1","1","3.9","10.5","7.5","","","","","",
"Saint Kitts y Nevis","KNA","Homicidios intencionales (por cada 100.000 habitantes)","VC.IHR.PSRC.P5","","","","","","","","","","","","","","","","","","","","","","","","","","","","","","","","","","","","9.27622272210756","9.15038660383401","15.8006410545799","17.822135091784","13.1929022186064","6.6","13","10.7","21","22.7","16.3","34.1","31.7","45","52.2","40.1","64.2","33.6","","","","","",
"Corea, República de","KOR","Homicidios intencionales (por cada 100.000 habitantes)","VC.IHR.PSRC.P5","","","","","","","","","","","","","","","","","","","","","","","","","","","","","","","","","","","","","","","","","","","","","","","","","","","","0.9","0.8","0.7","0.7","","","",
"Kuwait","KWT","Homicidios intencionales (por cada 100.000 habitantes)","VC.IHR.PSRC.P5","","","","","","","","","","","","","","","","","","","","","","","","","","","","","","","","","","","","","","","","","","","","","","","","2.3","1.4","1.7","2","1.8","1.8","","","","","",
"América Latina y el Caribe (excluido altos ingresos)","LAC","Homicidios intencionales (por cada 100.000 habitantes)","VC.IHR.PSRC.P5","","","","","","","","","","","","","","","","","","","","","","","","","","","","","","","","","","","","","","","","","","","","","","","","","","","","","23.9","","23.2","23","","",
"República Democrática Popular Lao","LAO","Homicidios intencionales (por cada 100.000 habitantes)","VC.IHR.PSRC.P5","","","","","","","","","","","","","","","","","","","","","","","","","","","","","","","","","","","","","","","","","","","","","","9.6","","","","","8","","","","","6.9","","",
"Líbano","LBN","Homicidios intencionales (por cada 100.000 habitantes)","VC.IHR.PSRC.P5","","","","","","","","","","","","","","","","","","","","","","","","","","","","","","","","","","","","","","","","","","","","","","","","","4.5","3.5","3.8","3.7","3.9","4.5","4.3","3.9","","",
"Liberia","LBR","Homicidios intencionales (por cada 100.000 habitantes)","VC.IHR.PSRC.P5","","","","","","","","","","","","","","","","","","","","","","","","","","","","","","","","","","","","","","","","","","","","","","","","2.8","4.8","3.8","3.3","3.9","3.2","","","","","",
"Libia","LBY","Homicidios intencionales (por cada 100.000 habitantes)","VC.IHR.PSRC.P5","","","","","","","","","","","","","","","","","","","","","","","","","","","","","","","","","","","","","","","","","","","","","","3.7","","","","","3.1","","","","","2.5","","",
"Santa Lucía","LCA","Homicidios intencionales (por cada 100.000 habitantes)","VC.IHR.PSRC.P5","","","","","","","","","","","","","","","","","","","","","","","","","","","","","","","","","","","","","","","","","14.7","21.4","26.2","22.3","22.6","24.8","25.6","17","22.6","22.3","24.8","","21.6","","","","","",
"América Latina y el Caribe","LCN","Homicidios intencionales (por cada 100.000 habitantes)","VC.IHR.PSRC.P5","","","","","","","","","","","","","","","","","","","","","","","","","","","","","","","","","","","","","","","","","","","","","","","","","","","","","23.2","","22.5","22.3","","",
"Países menos desarrollados: clasificación de las Naciones Unidas","LDC","Homicidios intencionales (por cada 100.000 habitantes)","VC.IHR.PSRC.P5","","","","","","","","","","","","","","","","","","","","","","","","","","","","","","","","","","","","","","","","","","","","","","","","","","","","","10","","6.3","6.2","","",
"Países de ingreso bajo","LIC","Homicidios intencionales (por cada 100.000 habitantes)","VC.IHR.PSRC.P5","","","","","","","","","","","","","","","","","","","","","","","","","","","","","","","","","","","","","","","","","","","","","","","","","","","","","11.4","","7.4","7.3","","",
"Liechtenstein","LIE","Homicidios intencionales (por cada 100.000 habitantes)","VC.IHR.PSRC.P5","","","","","","","","","","","","","","","","","","","","","","","","","","","","","","","","","","","","0","0","0","0","3.07976593778873","0","0","0","0","2.9","0","0","0","2.8","0","2.8","0","0","0","2.7","0","","",
"Sri Lanka","LKA","Homicidios intencionales (por cada 100.000 habitantes)","VC.IHR.PSRC.P5","","","","","","","","","","","","","","","","","","","","","","","","","","","","","","","","","","","","","","","","","","","","6.8","7.1","6.3","10.4","8.4","10","5.5","3.8","3.6","3.3","2.9","","","","",
"Países de ingreso mediano bajo","LMC","Homicidios intencionales (por cada 100.000 habitantes)","VC.IHR.PSRC.P5","","","","","","","","","","","","","","","","","","","","","","","","","","","","","","","","","","","","","","","","","","","","","","","","","","","","","5.9","","4.6","4.6","","",
"Ingreso mediano y bajo","LMY","Homicidios intencionales (por cada 100.000 habitantes)","VC.IHR.PSRC.P5","","","","","","","","","","","","","","","","","","","","","","","","","","","","","","","","","","","","","","","","","","","","","","","","","","","","","7","","6","5.9","","",
"Lesotho","LSO","Homicidios intencionales (por cada 100.000 habitantes)","VC.IHR.PSRC.P5","","","","","","","","","","","","","","","","","","","","","","","","","","","","","","","","","","","","","","","","","","","","","","","","45.8","38.1","36.3","38","","","","","","","",
"avanzada del dividendo demográfico","LTE","Homicidios intencionales (por cada 100.000 habitantes)","VC.IHR.PSRC.P5","","","","","","","","","","","","","","","","","","","","","","","","","","","","","","","","","","","","","","","","","","","","","","","","","","","","","5","","4.6","4.8","","",
"Lituania","LTU","Homicidios intencionales (por cada 100.000 habitantes)","VC.IHR.PSRC.P5","","","","","","","","","","","","","","","","","","","","","","","","","","","","","","","","","","","","13.8326154334513","11.2373766801959","10.9305565805864","8.76101747245491","8.76911183937939","","","","","10.2","11.1","8.7","8.5","9.3","7.9","7","6.9","6.7","6.7","5.5","6","","",
"Luxemburgo","LUX","Homicidios intencionales (por cada 100.000 habitantes)","VC.IHR.PSRC.P5","","","","","","","","","","","","","","","","","","","","","","","","","","","","","","","","","","","","0.490771050397279","0.967639709030739","0.95384578698239","0.940698374473209","1.39324277255312","","","","","","","1.5","1.5","1.6","1","2","0.8","0","0.2","0.7","","","",
"Letonia","LVA","Homicidios intencionales (por cada 100.000 habitantes)","VC.IHR.PSRC.P5","","","","","","","","","","","","","","","","","","","","","","","","","","","","","","","","","","","","11.5565417851246","10.8827316631047","11.1521389556514","10.3313512291622","9.53192821334203","10","9.3","9.2","8.8","8","5.7","5.8","4.3","4.6","5.1","3.3","3.3","4.8","3.4","3.9","4.1","","",
"Región Administrativa Especial de Macao, China","MAC","Homicidios intencionales (por cada 100.000 habitantes)","VC.IHR.PSRC.P5","","","","","","","","","","","","","","","","","","","","","","","","","","","","","","","","","","","","","","","","","","","","","","","","","0.8","1.2","0.4","0.7","0.7","0.2","0","0.2","","",
"Isla de San Martín (parte francesa)","MAF","Homicidios intencionales (por cada 100.000 habitantes)","VC.IHR.PSRC.P5","","","","","","","","","","","","","","","","","","","","","","","","","","","","","","","","","","","","","","","","","","","","","","","","","","","","","","","","","","",
"Marruecos","MAR","Homicidios intencionales (por cada 100.000 habitantes)","VC.IHR.PSRC.P5","","","","","","","","","","","","","","","","","","","","","","","","","","","","","","","","","","","","","","","","1.89843953192356","1.6","1.9","1.6","1.7","1.6","1.5","1.6","1.7","1.4","1.4","1.4","1.4","1.2","1.3","1","","","",
"Mónaco","MCO","Homicidios intencionales (por cada 100.000 habitantes)","VC.IHR.PSRC.P5","","","","","","","","","","","","","","","","","","","","","","","","","","","","","","","","","","","","","","","","","","3.1","","","3","3","2.9","0","0","","","","","","","","","",
"República de Moldova","MDA","Homicidios intencionales (por cada 100.000 habitantes)","VC.IHR.PSRC.P5","","","","","","","","","","","","","","","","","","","","","","","","","","","","","","","","","","","","9.10400460962259","9.28573434953315","9.32440252368","8.45713040326535","9.11905380697699","10.3","9.8","9.6","7.6","6.6","7.1","6.3","5.3","5.7","6","6.5","7.5","5.6","4.1","3.2","","","",
"Madagascar","MDG","Homicidios intencionales (por cada 100.000 habitantes)","VC.IHR.PSRC.P5","","","","","","","","","","","","","","","","","","","","","","","","","","","","","","","","","","","","","","","","","","","","","0.7","1.8","4.6","3","3.1","0.7","0.6","","","","","","","",
"Maldivas","MDV","Homicidios intencionales (por cada 100.000 habitantes)","VC.IHR.PSRC.P5","","","","","","","","","","","","","","","","","","","","","","","","","","","","","","","","","","","","","","","","","","","","","","","","1","1.6","1.8","1.8","0.9","2.9","0.9","","","","",
"Oriente Medio y Norte de África","MEA","Homicidios intencionales (por cada 100.000 habitantes)","VC.IHR.PSRC.P5","","","","","","","","","","","","","","","","","","","","","","","","","","","","","","","","","","","","","","","","","","","","","","","","","","","","","3.8","","3.9","3.4","","",
"México","MEX","Homicidios intencionales (por cada 100.000 habitantes)","VC.IHR.PSRC.P5","","","","","","","","","","","","","","","","","","","","","","","","","","","","","","","","","","","","16.919404883017","15.4541353492245","14.1992969608716","14.0780699700077","12.4338048853921","10.4","9.9","9.6","9.4","8.6","9","9.4","7.8","12.2","17","21.7","22.6","21.3","18.6","16","16.3","","",
"Islas Marshall","MHL","Homicidios intencionales (por cada 100.000 habitantes)","VC.IHR.PSRC.P5","","","","","","","","","","","","","","","","","","","","","","","","","","","","","","","","","","","","","","","","","","","","","","","","","","","","","4.7","","","","","",
" Ingreso mediano","MIC","Homicidios intencionales (por cada 100.000 habitantes)","VC.IHR.PSRC.P5","","","","","","","","","","","","","","","","","","","","","","","","","","","","","","","","","","","","","","","","","","","","","","","","","","","","","6.5","","5.8","5.7","","",
"Ex República Yugoslava de Macedonia","MKD","Homicidios intencionales (por cada 100.000 habitantes)","VC.IHR.PSRC.P5","","","","","","","","","","","","","","","","","","","","","","","","","","","","","","","","","","","","","","","2.40914995151586","1.89888155876189","2.3","2.7","3","3.4","2.4","2.2","2.2","2","1.7","1.7","2.1","1.5","1.4","1.1","1.6","","","",
"Malí","MLI","Homicidios intencionales (por cada 100.000 habitantes)","VC.IHR.PSRC.P5","","","","","","","","","","","","","","","","","","","","","","","","","","","","","","","","","","","","","","","","","","","","","","12.6","","","","","12.1","","","","","10.8","","",
"Malta","MLT","Homicidios intencionales (por cada 100.000 habitantes)","VC.IHR.PSRC.P5","","","","","","","","","","","","","","","","","","","","","","","","","","","","","","","","","","","","","","","1.27087733746114","2.52947470398822","1","1.5","1.5","0","1.8","1","0","1","1.5","1","1","0.7","2.9","1.7","1.4","1","","",
"Myanmar","MMR","Homicidios intencionales (por cada 100.000 habitantes)","VC.IHR.PSRC.P5","","","","","","","","","","","","","","","","","","","","","","","","","","","","","","","","","","","","","","","","","","2.1","1.8","1.7","1.6","1.5","1.7","1.6","1.7","1.7","1.5","2","2.7","2.4","2.5","2.4","","",
"Oriente Medio y Norte de África (excluido altos ingresos)","MNA","Homicidios intencionales (por cada 100.000 habitantes)","VC.IHR.PSRC.P5","","","","","","","","","","","","","","","","","","","","","","","","","","","","","","","","","","","","","","","","","","","","","","","","","","","","","4.2","","3.9","3.7","","",
"Montenegro","MNE","Homicidios intencionales (por cada 100.000 habitantes)","VC.IHR.PSRC.P5","","","","","","","","","","","","","","","","","","","","","","","","","","","","","","","","","","","","","","","","","","","","","","","","1.9","3.9","3.4","2.4","3.4","2.7","1.6","3.2","2.7","","",
"Mongolia","MNG","Homicidios intencionales (por cada 100.000 habitantes)","VC.IHR.PSRC.P5","","","","","","","","","","","","","","","","","","","","","","","","","","","","","","","","","","","","","","","","","","","","13.9","13.3","15.8","13.1","11.3","8.1","8.2","8.8","9.6","7.1","7.3","7.5","7.2","","",
"Mariana","MNP","Homicidios intencionales (por cada 100.000 habitantes)","VC.IHR.PSRC.P5","","","","","","","","","","","","","","","","","","","","","","","","","","","","","","","","","","","","","","","","","","","","","","","","","","","","","","","","","","",
"Mozambique","MOZ","Homicidios intencionales (por cada 100.000 habitantes)","VC.IHR.PSRC.P5","","","","","","","","","","","","","","","","","","","","","","","","","","","","","","","","","","","","","","","","4.87139563098585","","5.9","5.4","5.2","5.5","5.2","4.1","3.8","4.3","3.5","3.6","3.4","","","","","","",
"Mauritania","MRT","Homicidios intencionales (por cada 100.000 habitantes)","VC.IHR.PSRC.P5","","","","","","","","","","","","","","","","","","","","","","","","","","","","","","","","","","","","","","","","","","","","","","12.3","","","","","10.9","","","","","10.2","","",
"Mauricio","MUS","Homicidios intencionales (por cada 100.000 habitantes)","VC.IHR.PSRC.P5","","","","","","","","","","","","","","","","","","","","","","","","","","","","","","","","","","","","2.19857919018414","2.95537042960655","2.06471505211685","2.64178052598702","1.94179675297813","","","","","","","","","","3.1","2.6","2.7","","","","","","",
"Malawi","MWI","Homicidios intencionales (por cada 100.000 habitantes)","VC.IHR.PSRC.P5","","","","","","","","","","","","","","","","","","","","","","","","","","","","","","","","","","","","","","","","","6.3","7.8","4.8","2.5","3.3","1.6","6.3","5.1","5.6","2.2","3.5","2.3","1.8","","","","","",
"Malasia","MYS","Homicidios intencionales (por cada 100.000 habitantes)","VC.IHR.PSRC.P5","","","","","","","","","","","","","","","","","","","","","","","","","","","","","","","","","","","","1.91112220033869","2.10381632280958","2.47916821519033","2.81779131034374","2.57131259998274","","2.2","2.3","2.3","2","2.3","2.2","2.4","2.2","2","1.9","","","","","","","",
"América del Norte","NAC","Homicidios intencionales (por cada 100.000 habitantes)","VC.IHR.PSRC.P5","","","","","","","","","","","","","","","","","","","","","","","","","","","","","","","","","","","","","","","","","","","","","","","","","","","","","4.4","","3.6","4.6","","",
"Namibia","NAM","Homicidios intencionales (por cada 100.000 habitantes)","VC.IHR.PSRC.P5","","","","","","","","","","","","","","","","","","","","","","","","","","","","","","","","","","","","22.5875525024344","20.7528035391467","18.6657472692069","22.5787607644381","20.4750425978129","20","18.3","17.7","","17.6","","","","16.7","18","14.3","13.7","16.9","","","","","",
"Nueva Caledonia","NCL","Homicidios intencionales (por cada 100.000 habitantes)","VC.IHR.PSRC.P5","","","","","","","","","","","","","","","","","","","","","","","","","","","","","","","","","","","","","","","","","","","","","","","3.4","5.1","4.6","3.3","","","","","","","","",
"Níger","NER","Homicidios intencionales (por cada 100.000 habitantes)","VC.IHR.PSRC.P5","","","","","","","","","","","","","","","","","","","","","","","","","","","","","","","","","","","","","","","","","","","","","","","","","","","","4.9","4.5","","","","","",
"Nigeria","NGA","Homicidios intencionales (por cada 100.000 habitantes)","VC.IHR.PSRC.P5","","","","","","","","","","","","","","","","","","","","","","","","","","","","","","","","","","","","","","","","","","","","","","11.8","","","","","10.7","","","","","9.8","","",
"Nicaragua","NIC","Homicidios intencionales (por cada 100.000 habitantes)","VC.IHR.PSRC.P5","","","","","","","","","","","","","","","","","","","","","","","","","","","","","","","","","","","","15.2467953694598","13.9864158520601","14.0731251187873","13.0092595797215","11.2318383576289","9.5","10.5","10.7","12.1","12.2","13.6","13.2","12.9","13.2","14.2","13.7","12.7","11.5","","","","","",
"Países Bajos","NLD","Homicidios intencionales (por cada 100.000 habitantes)","VC.IHR.PSRC.P5","","","","","","","","","","","","","","","","","","","","","","","","","","","","","","","","","","","","1.93876800047205","1.35978823908196","1.33283633916763","1.12168318759418","1.28680287929434","1.1","1.3","1.2","1.2","1.2","1.1","0.8","0.9","0.9","0.9","0.9","0.9","0.9","0.7","0.7","0.6","","",
"Noruega","NOR","Homicidios intencionales (por cada 100.000 habitantes)","VC.IHR.PSRC.P5","","","","","","","","","","","","","","","","","","","","","","","","","","","","","","","","","","","","0.986443060671295","0.980584651934636","0.86126943862458","0.856000836177659","0.828544198578308","1.1","0.8","1","1.1","0.8","0.7","0.7","0.6","0.7","0.6","0.6","2.2","0.5","0.9","0.6","","","",
"Nepal","NPL","Homicidios intencionales (por cada 100.000 habitantes)","VC.IHR.PSRC.P5","","","","","","","","","","","","","","","","","","","","","","","","","","","","","","","","","","","","","","2.5339563369797","2.79509229953792","2.64423993044054","2.7","3.5","3.5","3","3.7","3.6","2.5","3.4","3.4","3","3","2.9","2.8","2.3","2.3","","","",
"Nauru","NRU","Homicidios intencionales (por cada 100.000 habitantes)","VC.IHR.PSRC.P5","","","","","","","","","","","","","","","","","","","","","","","","","","","","","","","","","","","","","","","","","","","","","","","","","","","","","1.3","","","","","",
"Nueva Zelandia","NZL","Homicidios intencionales (por cada 100.000 habitantes)","VC.IHR.PSRC.P5","","","","","","","","","","","","","","","","","","","","","","","","","","","","","","","","","","","","1.08841760406633","1.29124519616436","1.59909128972309","1.29510740140665","1.17882299501201","1.3","1.3","1.5","1.1","1.1","1.5","1.2","1.1","1.2","1.5","1","0.9","0.9","1","0.9","","","",
"Miembros OCDE","OED","Homicidios intencionales (por cada 100.000 habitantes)","VC.IHR.PSRC.P5","","","","","","","","","","","","","","","","","","","","","","","","","","","","","","","","","","","","","","","","","","","","","","","","","","","","","4","","3.3","3.6","","",
"Omán","OMN","Homicidios intencionales (por cada 100.000 habitantes)","VC.IHR.PSRC.P5","","","","","","","","","","","","","","","","","","","","","","","","","","","","","","","","","","","","","","","","","","0.6","0.6","","","","","0.7","0.7","","","1.1","","","","","","",
"Otros Estados pequeos","OSS","Homicidios intencionales (por cada 100.000 habitantes)","VC.IHR.PSRC.P5","","","","","","","","","","","","","","","","","","","","","","","","","","","","","","","","","","","","","","","","","","","","","","","","","","","","","11.4","","10","9.2","","",
"Pakistán","PAK","Homicidios intencionales (por cada 100.000 habitantes)","VC.IHR.PSRC.P5","","","","","","","","","","","","","","","","","","","","","","","","","","","","","","","","","","","","","6.93145688652939","6.93004657253483","7.43497002667954","6.60620797085997","6.4","6.7","6.5","6.3","6.5","6.3","6.4","6.6","7.4","7.5","7.8","8","7.8","","","","","",
"Panamá","PAN","Homicidios intencionales (por cada 100.000 habitantes)","VC.IHR.PSRC.P5","","","","","","","","","","","","","","","","","","","","","","","","","","","","","","","","","","","","14.0833179549976","9.07853924839213","11.3015512186301","9.8829659871219","9.82881989325557","9.9","9.9","12.1","10.6","9.4","11","11","12.9","18.7","23","21","20.6","17.5","17.4","14.7","11.4","","",
"Perú","PER","Homicidios intencionales (por cada 100.000 habitantes)","VC.IHR.PSRC.P5","","","","","","","","","","","","","","","","","","","","","","","","","","","","","","","","","","","","","","","","","5","4.9","4.3","4.9","5.6","11.1","11.2","10.4","11.6","10.2","9.2","5.4","6.5","6.6","6.7","7.2","","",
"Filipinas","PHL","Homicidios intencionales (por cada 100.000 habitantes)","VC.IHR.PSRC.P5","","","","","","","","","","","","","","","","","","","","","","","","","","","","","","","","","","","","","","","7.98613327418039","7.53671352798582","7.4","7.4","8.1","7.8","7.5","7.5","7.1","6.5","6.4","6.9","9.6","9.2","8.8","9.4","9.8","","","",
"Palau","PLW","Homicidios intencionales (por cada 100.000 habitantes)","VC.IHR.PSRC.P5","","","","","","","","","","","","","","","","","","","","","","","","","","","","","","","","","","","","","","","","","","","","","","","","","","","","","3.1","","","","","",
"Papua Nueva Guinea","PNG","Homicidios intencionales (por cada 100.000 habitantes)","VC.IHR.PSRC.P5","","","","","","","","","","","","","","","","","","","","","","","","","","","","","","","","","","","","","","","","","8.7","7.9","8.3","10.5","5.2","9.9","9.8","8.1","9.2","10.4","10.4","","","","","","","",
"Polonia","POL","Homicidios intencionales (por cada 100.000 habitantes)","VC.IHR.PSRC.P5","","","","","","","","","","","","","","","","","","","","","","","","","","","","","","","","","","","","2.22182989284841","2.27350013966531","2.1021583305018","4.87144747933219","4.74749000594662","2.2","2","1.9","1.7","1.6","1.4","1.3","1.4","1.2","1.3","1.1","1.2","1","0.8","0.7","0.7","","",
"previa al dividendo demográfico","PRE","Homicidios intencionales (por cada 100.000 habitantes)","VC.IHR.PSRC.P5","","","","","","","","","","","","","","","","","","","","","","","","","","","","","","","","","","","","","","","","","","","","","","","","","","","","","13.3","","8.2","8.1","","",
"Puerto Rico","PRI","Homicidios intencionales (por cada 100.000 habitantes)","VC.IHR.PSRC.P5","","","","","","","","","","","","","","","","","","","","","","","","","","","","","","","","","","","","23.3411443320191","23.2564806675146","19.2519500576761","17.2257096358295","15.5914196184756","18.3","19.7","20.6","20.8","21.1","20.5","19.9","19.6","21.6","24","26.3","","26.5","23.9","18.5","15.9","","",
"Corea, República Popular Democrática de","PRK","Homicidios intencionales (por cada 100.000 habitantes)","VC.IHR.PSRC.P5","","","","","","","","","","","","","","","","","","","","","","","","","","","","","","","","","","","","","","","","","","","","","","5.1","","","","","4.8","","","","","4.4","","",
"Portugal","PRT","Homicidios intencionales (por cada 100.000 habitantes)","VC.IHR.PSRC.P5","","","","","","","","","","","","","","","","","","","","","","","","","","","","","","","","","","","","","1.04237920496755","1.11641232867845","1.21923456648993","1.05890339575747","1.1","1","1.1","1.4","1.4","1.3","1.5","1.8","1.2","1.2","1.2","1.1","1.2","1.4","0.9","1","","",
"Paraguay","PRY","Homicidios intencionales (por cada 100.000 habitantes)","VC.IHR.PSRC.P5","","","","","","","","","","","","","","","","","","","","","","","","","","","","","","","","","","","","","","","16.7055356602687","12.1139976861118","18.8","24.3","24.9","22.9","21.2","18.6","15.9","13.1","13.8","13.4","11.9","10.4","10.2","9.3","8.8","9.3","","",
"Ribera Occidental y Gaza","PSE","Homicidios intencionales (por cada 100.000 habitantes)","VC.IHR.PSRC.P5","","","","","","","","","","","","","","","","","","","","","","","","","","","","","","","","","","","","1.19401191469825","4.41234220361194","1.57985703347085","1.51203021641184","1.7449125297968","","","","2.7","4.1","4.1","","","1.2","1.1","0.7","0.6","0.6","","","","","",
"Estados pequeos de las Islas del Pacfico","PSS","Homicidios intencionales (por cada 100.000 habitantes)","VC.IHR.PSRC.P5","","","","","","","","","","","","","","","","","","","","","","","","","","","","","","","","","","","","","","","","","","","","","","","","","","","","","4","","3.5","3.4","","",
"posterior al dividendo demográfico","PST","Homicidios intencionales (por cada 100.000 habitantes)","VC.IHR.PSRC.P5","","","","","","","","","","","","","","","","","","","","","","","","","","","","","","","","","","","","","","","","","","","","","","","","","","","","","2.2","","1.9","2.3","","",
"Polinesia Francesa","PYF","Homicidios intencionales (por cada 100.000 habitantes)","VC.IHR.PSRC.P5","","","","","","","","","","","","","","","","","","","","","","","","","","","","","","","","","","","","","","","","","","","","","","","1.2","2.7","3.4","0.4","","","","","","","","",
"Qatar","QAT","Homicidios intencionales (por cada 100.000 habitantes)","VC.IHR.PSRC.P5","","","","","","","","","","","","","","","","","","","","","","","","","","","","","","","","","","","","","","","0.911032235964637","0.526435853791215","","","","","","4.9","","","","","6.9","","","","","8.1","","",
"Rumania","ROU","Homicidios intencionales (por cada 100.000 habitantes)","VC.IHR.PSRC.P5","","","","","","","","","","","","","","","","","","","","","","","","","","","","","","","","","","","","3.34201109882768","3.19930731894723","3.08473623546624","2.50753657774","2.54008829275101","2.5","2.7","2.6","2.5","2.4","2.1","2.1","2","2.3","1.9","2","1.7","1.9","1.7","1.5","1.5","","",
"Federación de Rusia","RUS","Homicidios intencionales (por cada 100.000 habitantes)","VC.IHR.PSRC.P5","","","","","","","","","","","","","","","","","","","","","","","","","","","","","","","","","","","","","","","","","","","","","","","","","","","16","15","13.9","12.9","12.1","11.3","","",
"Rwanda","RWA","Homicidios intencionales (por cada 100.000 habitantes)","VC.IHR.PSRC.P5","","","","","","","","","","","","","","","","","","","","","","","","","","","","","","","","","","","","","","","","","","","","","","","5.1","5","4.5","3.8","4.9","","","4.5","","","","",
"Asia meridional","SAS","Homicidios intencionales (por cada 100.000 habitantes)","VC.IHR.PSRC.P5","","","","","","","","","","","","","","","","","","","","","","","","","","","","","","","","","","","","","","","","","","","","","","","","","","","","","3.9","","3.7","3.6","","",
"Arabia Saudita","SAU","Homicidios intencionales (por cada 100.000 habitantes)","VC.IHR.PSRC.P5","","","","","","","","","","","","","","","","","","","","","","","","","","","","","","","","","","","","","","","","0.93978611591659","","","","","","","","","","","","","","","0.9","1.5","","",
"Sudán","SDN","Homicidios intencionales (por cada 100.000 habitantes)","VC.IHR.PSRC.P5","","","","","","","","","","","","","","","","","","","","","","","","","","","","","","","","","","","","","","","","","","","","","","7.5","","","","","6.8","","","","","6.5","","",
"Senegal","SEN","Homicidios intencionales (por cada 100.000 habitantes)","VC.IHR.PSRC.P5","","","","","","","","","","","","","","","","","","","","","","","","","","","","","","","","","","","","","","","","","","","","","","9.3","","","","","8.5","","","","","7.3","","",
"Singapur","SGP","Homicidios intencionales (por cada 100.000 habitantes)","VC.IHR.PSRC.P5","","","","","","","","","","","","","","","","","","","","","","","","","","","","","","","","","","","","1.46481261600023","0.866760220850504","1.06246967534468","0.983712120104337","1.04039516289077","0.9","0.7","0.5","0.6","0.5","0.5","0.4","0.4","0.6","0.4","0.4","0.3","0.2","0.3","0.3","0.2","","",
"Islas Salomón","SLB","Homicidios intencionales (por cada 100.000 habitantes)","VC.IHR.PSRC.P5","","","","","","","","","","","","","","","","","","","","","","","","","","","","","","","","","","","","","","","","","","","","","4.4","5.5","4.8","5.3","3.8","","","","","","","","","",
"Sierra Leona","SLE","Homicidios intencionales (por cada 100.000 habitantes)","VC.IHR.PSRC.P5","","","","","","","","","","","","","","","","","","","","","","","","","","","","","","","","","","","","","","","","","","","","","2.3","2","1.9","2.5","3.3","2.8","2.8","3.2","1.9","","","1.9","","",
"El Salvador","SLV","Homicidios intencionales (por cada 100.000 habitantes)","VC.IHR.PSRC.P5","","","","","","","","","","","","","","","","","","","","","","","","","","","","","","","","","","","","139.132078848139","117.277281515377","112.568659946571","94.9967310849073","65.0471807756737","40.3","37.8","37.9","37.2","46.8","63.5","65.8","58.4","52.9","72.8","66","72.2","42.7","41.3","64.2","108.6","","",
"San Marino","SMR","Homicidios intencionales (por cada 100.000 habitantes)","VC.IHR.PSRC.P5","","","","","","","","","","","","","","","","","","","","","","","","","","","","","","","","","","","","","","","","","","0","3.6","0","0","0","0","0","0","0","0","0","","","","","","",
"Somalia","SOM","Homicidios intencionales (por cada 100.000 habitantes)","VC.IHR.PSRC.P5","","","","","","","","","","","","","","","","","","","","","","","","","","","","","","","","","","","","","","","","","","","","","","6.1","","","","","6.6","","","","","5.6","","",
"Serbia","SRB","Homicidios intencionales (por cada 100.000 habitantes)","VC.IHR.PSRC.P5","","","","","","","","","","","","","","","","","","","","","","","","","","","","","","","","","","","","","","","","","2.4","2.6","2.1","1.9","1.8","1.6","1.7","1.9","1.5","1.7","1.4","1.5","1.2","1.6","1.3","1.1","","",
"África al sur del Sahara (excluido altos ingresos)","SSA","Homicidios intencionales (por cada 100.000 habitantes)","VC.IHR.PSRC.P5","","","","","","","","","","","","","","","","","","","","","","","","","","","","","","","","","","","","","","","","","","","","","","","","","","","","","14.4","","9.5","9.4","","",
"Sudán del Sur","SSD","Homicidios intencionales (por cada 100.000 habitantes)","VC.IHR.PSRC.P5","","","","","","","","","","","","","","","","","","","","","","","","","","","","","","","","","","","","","","","","","","","","","","","","","","","","","13.7","","","","","",
"África al sur del Sahara","SSF","Homicidios intencionales (por cada 100.000 habitantes)","VC.IHR.PSRC.P5","","","","","","","","","","","","","","","","","","","","","","","","","","","","","","","","","","","","","","","","","","","","","","","","","","","","","14.4","","9.5","9.4","","",
"Pequeños Estados","SST","Homicidios intencionales (por cada 100.000 habitantes)","VC.IHR.PSRC.P5","","","","","","","","","","","","","","","","","","","","","","","","","","","","","","","","","","","","","","","","","","","","","","","","","","","","","14.4","","13","13","","",
"Santo Tomé y Príncipe","STP","Homicidios intencionales (por cada 100.000 habitantes)","VC.IHR.PSRC.P5","","","","","","","","","","","","","","","","","","","","","","","","","","","","","","","","","","","","","","","","","","","","","","","2.6","2.5","8.6","3","3.5","3.4","","","","","","",
"Suriname","SUR","Homicidios intencionales (por cada 100.000 habitantes)","VC.IHR.PSRC.P5","","","","","","","","","","","","","","","","","","","","","","","","","","","","","","","","","","","","","","","","","","","","","","3.1","","","","","9.5","","","","","10.7","","",
"República Eslovaca","SVK","Homicidios intencionales (por cada 100.000 habitantes)","VC.IHR.PSRC.P5","","","","","","","","","","","","","","","","","","","","","","","","","","","","","","","","","","","","2.38410369062976","2.45316362396942","2.5974531971402","2.37188662085467","2.61045849648699","2.7","2.4","2.6","2.7","2.3","2","1.7","1.7","1.7","1.6","1.6","1.8","1.4","1.4","1.3","0.9","","",
"Eslovenia","SVN","Homicidios intencionales (por cada 100.000 habitantes)","VC.IHR.PSRC.P5","","","","","","","","","","","","","","","","","","","","","","","","","","","","","","","","","","","","2.23781345281901","1.92747812819556","1.82208826499237","0.707334707246796","1.26111165479036","1.8","1.4","1.8","1.1","1.4","1","0.6","1.2","0.5","0.6","0.7","0.8","0.7","0.6","0.7","1.2","","",
"Suecia","SWE","Homicidios intencionales (por cada 100.000 habitantes)","VC.IHR.PSRC.P5","","","","","","","","","","","","","","","","","","","","","","","","","","","","","","","","","","","","0.940302249395573","1.0963646920385","1.02779171383026","1.05053289128114","1.11832979816858","1.1","0.1","1.1","0.9","1.1","0.9","1","1.2","0.9","1","1","0.9","0.7","0.9","0.9","1.1","","",
"Swazilandia","SWZ","Homicidios intencionales (por cada 100.000 habitantes)","VC.IHR.PSRC.P5","","","","","","","","","","","","","","","","","","","","","","","","","","","","","","","","","","","","","","","","","","18.8","12.9","13.2","13.3","13.8","10.8","15","18.8","15.9","17.4","","","8.2","","","","",
"Sint Maarten (Dutch part)","SXM","Homicidios intencionales (por cada 100.000 habitantes)","VC.IHR.PSRC.P5","","","","","","","","","","","","","","","","","","","","","","","","","","","","","","","","","","","","","","","","","","","","","","","","","","","","","","","","","","",
"Seychelles","SYC","Homicidios intencionales (por cada 100.000 habitantes)","VC.IHR.PSRC.P5","","","","","","","","","","","","","","","","","","","","","","","","","","","","","","","","","","","","","","","","","","","5.9","11.7","6.9","3.4","10","5.5","3.3","5.4","2.1","","","","","","","",
"República Árabe Siria","SYR","Homicidios intencionales (por cada 100.000 habitantes)","VC.IHR.PSRC.P5","","","","","","","","","","","","","","","","","","","","","","","","","","","","","","","","","","","","","","1.99239872960349","2.21047919768026","2.11907493004003","2.2","2.3","2.2","2.3","2.4","2.4","2.4","2.7","2.6","2.3","2.2","","","","","","","",
"Islas Turcas y Caicos","TCA","Homicidios intencionales (por cada 100.000 habitantes)","VC.IHR.PSRC.P5","","","","","","","","","","","","","","","","","","","","","","","","","","","","","","","","","","","","","","","0","0","0","0","11.3","0","0","0","","","6.8","6.6","","","","","","","","",
"Chad","TCD","Homicidios intencionales (por cada 100.000 habitantes)","VC.IHR.PSRC.P5","","","","","","","","","","","","","","","","","","","","","","","","","","","","","","","","","","","","","","","","","","","","","","10.7","","","","","9.7","","","","","9","","",
"Asia oriental y el Pacífico (BIRF y la AIF)","TEA","Homicidios intencionales (por cada 100.000 habitantes)","VC.IHR.PSRC.P5","","","","","","","","","","","","","","","","","","","","","","","","","","","","","","","","","","","","","","","","","","","","","","","","","","","","","2.1","","1.5","1.4","","",
"Europa y Asia central (BIRF y la AIF)","TEC","Homicidios intencionales (por cada 100.000 habitantes)","VC.IHR.PSRC.P5","","","","","","","","","","","","","","","","","","","","","","","","","","","","","","","","","","","","","","","","","","","","","","","","","","","","","5.2","","5.1","5.7","","",
"Togo","TGO","Homicidios intencionales (por cada 100.000 habitantes)","VC.IHR.PSRC.P5","","","","","","","","","","","","","","","","","","","","","","","","","","","","","","","","","","","","","","","","","","","","","","10.9","","","","","9.8","","","","","9.1","","",
"Tailandia","THA","Homicidios intencionales (por cada 100.000 habitantes)","VC.IHR.PSRC.P5","","","","","","","","","","","","","","","","","","","","","","","","","","","","","","","","","","","","7.6143973937906","7.42472636008366","7.85607293639164","8.69439944931902","8.09503312514154","8.2","7.9","7.1","9.9","6.5","7.3","7.1","6.7","6","5.6","5.5","4.9","4.9","4.3","3.9","3.5","","",
"Tayikistán","TJK","Homicidios intencionales (por cada 100.000 habitantes)","VC.IHR.PSRC.P5","","","","","","","","","","","","","","","","","","","","","","","","","","","","","","","","","","","","7.53194062268198","8.25891493556511","8.37653218632032","8.1457596592783","5.84836707693699","","","","","","","3.1","2.2","1.6","1.8","2","1.9","1.3","1.4","","","","",
"Turkmenistán","TKM","Homicidios intencionales (por cada 100.000 habitantes)","VC.IHR.PSRC.P5","","","","","","","","","","","","","","","","","","","","","","","","","","","","","","","","","","","","6.42309832115969","7.82624792334963","8.25647470209232","7.84930606446487","7.21441210295168","","","","","","4.9","","","","","4.5","","","","","4.2","","",
"América Latina y el Caribe (BIRF y la AIF)","TLA","Homicidios intencionales (por cada 100.000 habitantes)","VC.IHR.PSRC.P5","","","","","","","","","","","","","","","","","","","","","","","","","","","","","","","","","","","","","","","","","","","","","","","","","","","","","23.6","","22.9","22.7","","",
"Timor-Leste","TLS","Homicidios intencionales (por cada 100.000 habitantes)","VC.IHR.PSRC.P5","","","","","","","","","","","","","","","","","","","","","","","","","","","","","","","","","","","","","","","","","","","","","2.4","4.6","4.9","6.1","3.4","3.1","3.7","","","","","","","",
"Oriente Medio y Norte de África (BIRF y la AIF)","TMN","Homicidios intencionales (por cada 100.000 habitantes)","VC.IHR.PSRC.P5","","","","","","","","","","","","","","","","","","","","","","","","","","","","","","","","","","","","","","","","","","","","","","","","","","","","","4.2","","3.9","3.8","","",
"Tonga","TON","Homicidios intencionales (por cada 100.000 habitantes)","VC.IHR.PSRC.P5","","","","","","","","","","","","","","","","","","","","","","","","","","","","","","","","","","","","","","","","","1","6.1","6.1","6","2","4","7.9","1","3.9","7.7","1","1.9","1","","","","","",
"Asia meridional (BIRF y la AIF)","TSA","Homicidios intencionales (por cada 100.000 habitantes)","VC.IHR.PSRC.P5","","","","","","","","","","","","","","","","","","","","","","","","","","","","","","","","","","","","","","","","","","","","","","","","","","","","","3.9","","3.7","3.6","","",
"África al sur del Sahara (BIRF y la AIF)","TSS","Homicidios intencionales (por cada 100.000 habitantes)","VC.IHR.PSRC.P5","","","","","","","","","","","","","","","","","","","","","","","","","","","","","","","","","","","","","","","","","","","","","","","","","","","","","14.4","","9.5","9.4","","",
"Trinidad y Tobago","TTO","Homicidios intencionales (por cada 100.000 habitantes)","VC.IHR.PSRC.P5","","","","","","","","","","","","","","","","","","","","","","","","","","","","","","","","","","","","","","","","","9.5","11.9","13.4","17.8","20.1","29.8","28.5","29.9","41.6","38.4","35.6","26.4","28.3","30.3","29.9","30.9","","",
"Túnez","TUN","Homicidios intencionales (por cada 100.000 habitantes)","VC.IHR.PSRC.P5","","","","","","","","","","","","","","","","","","","","","","","","","","","","","","","","","","","","","","","","","","","","","1.9","2.6","2.4","2.7","2.7","2.4","2.7","","3.1","","","","","",
"Turquía","TUR","Homicidios intencionales (por cada 100.000 habitantes)","VC.IHR.PSRC.P5","","","","","","","","","","","","","","","","","","","","","","","","","","","","","","","","","","","","","","","","","","","","4.3","4.4","4.9","4.6","5.2","4.6","5.2","4.2","4.2","4.3","","","","","",
"Tuvalu","TUV","Homicidios intencionales (por cada 100.000 habitantes)","VC.IHR.PSRC.P5","","","","","","","","","","","","","","","","","","","","","","","","","","","","","","","","","","","","","","","","","","","0","0","0","0","0","0","0","0","10.2","10.2","20.3","","","","","",
"Tanzanía","TZA","Homicidios intencionales (por cada 100.000 habitantes)","VC.IHR.PSRC.P5","","","","","","","","","","","","","","","","","","","","","","","","","","","","","","","","","","","","","","","","","","","","","","","","","","","8.5","8.8","8.4","7.4","7.5","7","","",
"Uganda","UGA","Homicidios intencionales (por cada 100.000 habitantes)","VC.IHR.PSRC.P5","","","","","","","","","","","","","","","","","","","","","","","","","","","","","","","","","","","","","","","","","","","","8.1","7.6","8.9","9.3","8.8","9","10.1","9.5","11","11.5","10.5","11.8","","","",
"Ucrania","UKR","Homicidios intencionales (por cada 100.000 habitantes)","VC.IHR.PSRC.P5","","","","","","","","","","","","","","","","","","","","","","","","","","","","","","","","","","","","8.62060162996857","9.64285910536129","8.40437322981275","8.41353686939213","8.60914571629369","","","","7.6","7.4","6.5","6.3","5.7","5.3","4.8","4.4","","","","","","","",
"Ingreso mediano alto","UMC","Homicidios intencionales (por cada 100.000 habitantes)","VC.IHR.PSRC.P5","","","","","","","","","","","","","","","","","","","","","","","","","","","","","","","","","","","","","","","","","","","","","","","","","","","","","7.2","","7.2","7","","",
"Uruguay","URY","Homicidios intencionales (por cada 100.000 habitantes)","VC.IHR.PSRC.P5","","","","","","","","","","","","","","","","","","","","","","","","","","","","","","","","","","","","","","","","","6.4","6.6","6.9","5.9","5.8","5.7","6.1","5.8","6.6","6.7","6.1","5.9","7.9","7.6","7.8","8.4","","",
"Estados Unidos","USA","Homicidios intencionales (por cada 100.000 habitantes)","VC.IHR.PSRC.P5","","","","","","","","","","","","","","","","","","","","","","","","","","","","","","","","","","","","8.11268340776424","7.29230303409696","6.67832194250555","6.15031036783624","5.55746449436471","5.5","6.7","5.6","5.7","5.5","5.7","5.8","5.7","5.4","5","4.8","4.7","4.7","4.5","4.4","4.9","","",
"Uzbekistán","UZB","Homicidios intencionales (por cada 100.000 habitantes)","VC.IHR.PSRC.P5","","","","","","","","","","","","","","","","","","","","","","","","","","","","","","","","","","","","5.04813464007738","4.9384403916967","4.43757298944472","4.41406371263708","4.14394461597587","","","","","","3.6","","","","","3.2","","","","","3","","",
"San Vicente y las Granadinas","VCT","Homicidios intencionales (por cada 100.000 habitantes)","VC.IHR.PSRC.P5","","","","","","","","","","","","","","","","","","","","","","","","","","","","","","","","","","","","18.5036128304051","22.2121444899999","8.334954018837","22.2413745169451","12.9787056522263","18.5","11.1","18.5","16.6","25.8","21.1","11.9","33","14.7","18.3","22.9","19.2","25.6","","","","","",
"Venezuela","VEN","Homicidios intencionales (por cada 100.000 habitantes)","VC.IHR.PSRC.P5","","","","","","","","","","","","","","","","","","","","","","","","","","","","","","","","","","","","20.335913345501","22.0496258363835","18.3997880692813","19.4242415730169","24.9851242639426","32.8","31.9","37.9","43.9","36.9","37.2","45","47.5","51.9","49","45.1","47.9","53.8","","62","57.1","","",
"Islas Vírgenes Británicas","VGB","Homicidios intencionales (por cada 100.000 habitantes)","VC.IHR.PSRC.P5","","","","","","","","","","","","","","","","","","","","","","","","","","","","","","","","","","","","","10.8","0","0","5","0","4.7","4.6","9","17.7","","8.4","","","","","","","","","","","",
"Islas Vírgenes (EE.UU.)","VIR","Homicidios intencionales (por cada 100.000 habitantes)","VC.IHR.PSRC.P5","","","","","","","","","","","","","","","","","","","","","","","","","","","","","","","","","","","","","","","","24.9","22.1","25.8","37.8","28.5","34.2","32.5","40","40.1","42.1","46.9","52.6","","","","","","","",
"Viet Nam","VNM","Homicidios intencionales (por cada 100.000 habitantes)","VC.IHR.PSRC.P5","","","","","","","","","","","","","","","","","","","","","","","","","","","","","","","","","","","","","","","","","","1.2","1.3","1.3","1.3","1.3","1.2","1.4","1.3","1.4","1.5","1.5","","","","","","",
"Vanuatu","VUT","Homicidios intencionales (por cada 100.000 habitantes)","VC.IHR.PSRC.P5","","","","","","","","","","","","","","","","","","","","","","","","","","","","","","","","","","","","","","","","","","","","","","2.5","","","","","2.3","","","","","2.1","","",
"Mundo","WLD","Homicidios intencionales (por cada 100.000 habitantes)","VC.IHR.PSRC.P5","","","","","","","","","","","","","","","","","","","","","","","","","","","","","","","","","","","","","","","","","","","","","","","","","","","","","6.2","","5.3","5.3","","",
"Samoa","WSM","Homicidios intencionales (por cada 100.000 habitantes)","VC.IHR.PSRC.P5","","","","","","","","","","","","","","","","","","","","","","","","","","","","","","","","","","","","","","","","","","","","","","","","","","8.7","8.6","","","3.2","","","","",
"Kosovo","XKX","Homicidios intencionales (por cada 100.000 habitantes)","VC.IHR.PSRC.P5","","","","","","","","","","","","","","","","","","","","","","","","","","","","","","","","","","","","","","","","","","","","","","","","","6.3","4","5.8","3.4","4.9","2.2","2.2","1.6","","",
"Yemen, Rep. del","YEM","Homicidios intencionales (por cada 100.000 habitantes)","VC.IHR.PSRC.P5","","","","","","","","","","","","","","","","","","","","","","","","","","","","","","","","","","","","","","","","","3.9","","","3.6","3.2","4.6","4.2","3.9","3.9","4.3","4.7","5.7","6.5","6.7","","","","",
"Sudáfrica","ZAF","Homicidios intencionales (por cada 100.000 habitantes)","VC.IHR.PSRC.P5","","","","","","","","","","","","","","","","","","","","","","","","","","","","","","","","","","","","64.9165265781694","60.3901674280048","57.1123953327189","57.7416814073372","51.2128709517669","48.5","47","46.6","42.2","39.4","38.9","39.2","37.2","36","33","30.9","29.9","30.7","31.7","33","34.3","","",
"Zambia","ZMB","Homicidios intencionales (por cada 100.000 habitantes)","VC.IHR.PSRC.P5","","","","","","","","","","","","","","","","","","","","","","","","","","","","","","","","","","","","","","","9.00634968309423","10.7791614274948","","","","","","","","","5.3","6","5.8","","","","","","","",
"Zimbabwe","ZWE","Homicidios intencionales (por cada 100.000 habitantes)","VC.IHR.PSRC.P5","","","","","","","","","","","","","","","","","","","","","","","","","","","","","","","","","","","","","","","","","","12.1","12.8","10.6","10.5","10.4","8.2","","","","5.1","","6.7","","","","","",
